Year,Player,Player_ID,College,Pick,Round,Team,Career_AV,Games_Played,Note,Career_Yards,Career_TDs,Pro_Bowls,All_Pros,OPOY,Receptions,Receiving_Yards,Receiving_TDs,Rec/Game,Yards/Game,TD/Game,Successful,scaled_rec_pg,scaled_yds_pg,scaled_td_pg,scaled_av,scaled_pb,scaled_ap,Performance_Score
2013,Tavon Austin,AustTa00,West Virginia,8,,STL,29.0,113.0,Parsed,,,0.0,0.0,False,244.0,2239.0,16.0,2.16,19.81,0.14,False,0.21600000000000003,0.1981,0.14,0.24166666666666667,0.0,0.0,16.688
2013,DeAndre Hopkins,HopkDe00,Clemson,27,,HOU,106.0,178.0,Parsed,,,5.0,3.0,False,984.0,12965.0,83.0,5.53,72.84,0.47,True,0.553,0.7284,0.47,0.8833333333333333,1.0,1.0,70.562
2013,Cordarrelle Patterson,PattCo00,Tennessee,29,,MIN,,,Parsed,,,4.0,4.0,False,,,,,,,,0.0,0.0,0.0,0.0,0.8,1.3333333333333333,14.666666666666666
2013,Justin Hunter,HuntJu00,Tennessee,34,,TEN,10.0,60.0,Parsed,,,0.0,0.0,False,85.0,1349.0,13.0,1.42,22.48,0.22,False,0.142,0.2248,0.22,0.08333333333333333,0.0,0.0,15.234
2013,Robert Woods,WoodRo02,USC,41,,BUF,74.0,171.0,Parsed,,,0.0,0.0,False,683.0,8233.0,38.0,3.99,48.15,0.22,True,0.399,0.4815,0.22,0.6166666666666667,0.0,0.0,36.075
2013,Aaron Dobson,DobsAa00,Marshall,59,,NWE,6.0,24.0,Parsed,,,0.0,0.0,False,53.0,698.0,4.0,2.21,29.08,0.17,False,0.221,0.2908,0.17,0.05,0.0,0.0,17.294
2013,Terrance Williams,WillTe01,Baylor,74,,DAL,30.0,83.0,Parsed,,,0.0,0.0,False,232.0,3377.0,20.0,2.8,40.69,0.24,False,0.27999999999999997,0.4069,0.24,0.25,0.0,0.0,26.356999999999996
2013,Keenan Allen,AlleKe00,California,76,,SDG,97.0,154.0,Parsed,,,6.0,0.0,False,974.0,11274.0,66.0,6.32,73.21,0.43,True,0.632,0.7321,0.43,0.8083333333333333,1.2,0.0,67.328
2013,Marquise Goodwin,GoodMa00,Texas,78,,BUF,27.0,114.0,Parsed,,,0.0,0.0,False,191.0,3090.0,18.0,1.68,27.11,0.16,False,0.16799999999999998,0.2711,0.16,0.225,0.0,0.0,18.068
2013,Markus Wheaton,WheaMa00,Oregon St.,79,,PIT,13.0,59.0,Parsed,,,0.0,0.0,False,110.0,1559.0,8.0,1.86,26.42,0.14,False,0.186,0.2642,0.14,0.10833333333333334,0.0,0.0,16.071
2013,Stedman Bailey,BailSt01,West Virginia,92,,STL,7.0,38.0,Parsed,,,0.0,0.0,False,59.0,843.0,2.0,1.55,22.18,0.05,False,0.155,0.2218,0.05,0.058333333333333334,0.0,0.0,11.629
2013,Ace Sanders,SandAc00,South Carolina,101,,JAX,3.0,27.0,Parsed,,,0.0,0.0,False,57.0,539.0,1.0,2.11,19.96,0.04,False,0.211,0.1996,0.04,0.025,0.0,0.0,11.383000000000001
2013,Josh Boyce,BoycJo00,TCU,102,,NWE,1.0,10.0,Parsed,,,0.0,0.0,False,9.0,121.0,0.0,0.9,12.1,0.0,False,0.09,0.121,0.0,0.008333333333333333,0.0,0.0,5.555000000000001
2013,Chris Harper,HarpCh00,Kansas St.,123,,SEA,,,Parsed,,,0.0,0.0,False,,,,,,,,0.0,0.0,0.0,0.0,0.0,0.0,0.0
2013,Quinton Patton,PattQu00,Louisiana Tech,128,,SFO,6.0,40.0,Parsed,,,0.0,0.0,False,73.0,880.0,1.0,1.82,22.0,0.03,False,0.182,0.22,0.03,0.05,0.0,0.0,11.59
2013,Denard Robinson,RobiDe00,Michigan,135,,JAX,,,Parsed,,,0.0,0.0,False,,,,,,,,0.0,0.0,0.0,0.0,0.0,0.0,0.0
2013,Kenny Stills,StilKe00,Oklahoma,144,,NOR,40.0,130.0,Parsed,,,0.0,0.0,False,316.0,4911.0,38.0,2.43,37.78,0.29,True,0.24300000000000002,0.3778,0.29,0.3333333333333333,0.0,0.0,26.994
2013,Tavarres King,KingTa00,Georgia,161,,DEN,2.0,17.0,Parsed,,,0.0,0.0,False,22.0,303.0,3.0,1.29,17.82,0.18,False,0.129,0.1782,0.18,0.016666666666666666,0.0,0.0,11.776
2013,Corey Fuller,FullCo00,Virginia Tech,171,,DET,3.0,28.0,Parsed,,,0.0,0.0,False,18.0,288.0,1.0,0.64,10.29,0.04,False,0.064,0.10289999999999999,0.04,0.025,0.0,0.0,5.542
2013,Ryan Swope,SwopRy00,Texas A&M,174,,ARI,,,Parsed,,,0.0,0.0,False,,,,,,,,0.0,0.0,0.0,0.0,0.0,0.0,0.0
2013,Justin Brown,BrowJu00,Oklahoma,186,,PIT,1.0,8.0,Parsed,,,0.0,0.0,False,12.0,94.0,0.0,1.5,11.75,0.0,False,0.15,0.1175,0.0,0.008333333333333333,0.0,0.0,6.65
2013,Alan Bonner,BonnAl00,Jacksonville St.,195,,HOU,,,Parsed,,,0.0,0.0,False,,,,,,,,0.0,0.0,0.0,0.0,0.0,0.0,0.0
2013,Cobi Hamilton,HamiCo00,Arkansas,197,,CIN,2.0,14.0,Parsed,,,0.0,0.0,False,18.0,242.0,2.0,1.29,17.29,0.14,False,0.129,0.1729,0.14,0.016666666666666666,0.0,0.0,10.817000000000002
2013,Brice Butler,ButlBr00,San Diego St.,209,,OAK,10.0,69.0,Parsed,,,0.0,0.0,False,79.0,1237.0,9.0,1.14,17.93,0.13,False,0.11399999999999999,0.1793,0.13,0.08333333333333333,0.0,0.0,11.508999999999999
2013,Charles Johnson,JohnCh08,Grand Valley St.,216,,GNB,7.0,39.0,Parsed,,,0.0,0.0,False,60.0,834.0,2.0,1.54,21.38,0.05,False,0.154,0.2138,0.05,0.058333333333333334,0.0,0.0,11.369
2013,Kevin Dorsey,DorsKe01,Maryland,224,,GNB,0.0,3.0,Parsed,,,0.0,0.0,False,1.0,4.0,0.0,0.33,1.33,0.0,False,0.033,0.013300000000000001,0.0,0.0,0.0,0.0,1.0590000000000002
2013,Marquess Wilson,WilsMa02,Washington St.,236,,CHI,6.0,31.0,Parsed,,,0.0,0.0,False,56.0,777.0,3.0,1.81,25.06,0.1,False,0.181,0.2506,0.1,0.05,0.0,0.0,13.888
2013,Aaron Mellette,MellAa00,Elon,238,,BAL,,,Parsed,,,0.0,0.0,False,,,,,,,,0.0,0.0,0.0,0.0,0.0,0.0,0.0
2014,Sammy Watkins,WatkSa00,Clemson,4,,BUF,51.0,111.0,Parsed,,,0.0,0.0,False,364.0,5384.0,34.0,3.28,48.5,0.31,True,0.32799999999999996,0.485,0.31,0.425,0.0,0.0,33.684999999999995
2014,Mike Evans,EvanMi00,Texas A&M,7,,TAM,102.0,168.0,Parsed,,,6.0,0.0,False,836.0,12684.0,105.0,4.98,75.5,0.62,True,0.49800000000000005,0.755,0.62,0.85,1.2,0.0,69.76
2014,Odell Beckham Jr.,BeckOd00,LSU,12,,NYG,69.0,119.0,Parsed,,,3.0,0.0,False,575.0,7987.0,59.0,4.83,67.12,0.5,True,0.483,0.6712,0.5,0.575,0.6,0.0,54.421
2014,Brandin Cooks,CookBr00,Oregon St.,20,,NOR,88.0,158.0,Parsed,,,0.0,0.0,False,710.0,9532.0,60.0,4.49,60.33,0.38,True,0.449,0.6033,0.38,0.7333333333333333,0.0,0.0,45.678999999999995
2014,Kelvin Benjamin,BenjKe00,Florida St.,28,,CAR,23.0,61.0,Parsed,,,0.0,0.0,False,209.0,3021.0,20.0,3.43,49.52,0.33,False,0.343,0.49520000000000003,0.33,0.19166666666666668,0.0,0.0,31.191000000000003
2014,Marqise Lee,LeexMa00,USC,39,,JAX,18.0,59.0,Parsed,,,0.0,0.0,False,174.0,2184.0,8.0,2.95,37.02,0.14,False,0.29500000000000004,0.37020000000000003,0.14,0.15,0.0,0.0,22.056
2014,Jordan Matthews,MattJo00,Vanderbilt,42,,PHI,25.0,81.0,Parsed,,,0.0,0.0,False,274.0,3288.0,22.0,3.38,40.59,0.27,False,0.33799999999999997,0.40590000000000004,0.27,0.20833333333333334,0.0,0.0,27.461999999999996
2014,Paul Richardson,RichPa01,Colorado,45,,SEA,15.0,64.0,Parsed,,,0.0,0.0,False,143.0,1809.0,12.0,2.23,28.27,0.19,False,0.223,0.2827,0.19,0.125,0.0,0.0,18.616
2014,Davante Adams,AdamDa01,Fresno St.,53,,GNB,111.0,164.0,Parsed,,,6.0,3.0,False,957.0,11844.0,103.0,5.84,72.22,0.63,True,0.584,0.7222,0.63,0.925,1.2,1.0,76.82100000000001
2014,Cody Latimer,LatiCo00,Indiana,56,,DEN,6.0,66.0,Parsed,,,0.0,0.0,False,70.0,935.0,6.0,1.06,14.17,0.09,False,0.10600000000000001,0.1417,0.09,0.05,0.0,0.0,8.921000000000001
2014,Allen Robinson,RobiAl02,Penn St.,61,,JAX,55.0,139.0,Parsed,,,1.0,0.0,False,565.0,7058.0,43.0,4.06,50.78,0.31,True,0.40599999999999997,0.5078,0.31,0.4583333333333333,0.2,0.0,38.429
2014,Jarvis Landry,LandJa00,LSU,63,,MIA,67.0,132.0,Parsed,,,5.0,0.0,False,713.0,7870.0,38.0,5.4,59.62,0.29,True,0.54,0.5962,0.29,0.5583333333333333,1.0,0.0,52.861000000000004
2014,Josh Huff,HuffJo00,Oregon,86,,PHI,6.0,37.0,Parsed,,,0.0,0.0,False,51.0,523.0,4.0,1.38,14.14,0.11,False,0.13799999999999998,0.1414,0.11,0.05,0.0,0.0,9.952
2014,Donte Moncrief,MoncDo00,Mississippi,90,,IND,20.0,83.0,Parsed,,,0.0,0.0,False,205.0,2576.0,21.0,2.47,31.04,0.25,False,0.24700000000000003,0.3104,0.25,0.16666666666666666,0.0,0.0,21.752000000000002
2014,John Brown,BrowJo02,Pittsburg St.,91,,ARI,40.0,103.0,Parsed,,,0.0,0.0,False,321.0,4790.0,32.0,3.12,46.5,0.31,True,0.312,0.465,0.31,0.3333333333333333,0.0,0.0,31.39
2014,Dri Archer,ArchDr00,Kent St.,97,,PIT,,,Parsed,,,0.0,0.0,False,,,,,,,,0.0,0.0,0.0,0.0,0.0,0.0,0.0
2014,Jalen Saunders,SaunJa00,Oklahoma,104,,NYJ,,15.0,Parsed,,,0.0,0.0,False,1.0,7.0,0.0,0.07,0.47,0.0,False,0.007000000000000001,0.004699999999999999,0.0,0.0,0.0,0.0,0.281
2014,Bruce Ellington,ElliBr00,South Carolina,106,,SFO,7.0,44.0,Parsed,,,0.0,0.0,False,79.0,769.0,5.0,1.8,17.48,0.11,False,0.18,0.1748,0.11,0.058333333333333334,0.0,0.0,11.918999999999999
2014,Shaquelle Evans,EvanSh00,UCLA,115,,NYJ,,,Parsed,,,0.0,0.0,False,,,,,,,,0.0,0.0,0.0,0.0,0.0,0.0,0.0
2014,Martavis Bryant,BryaMa00,Clemson,118,,PIT,20.0,44.0,Parsed,,,0.0,0.0,False,145.0,2183.0,17.0,3.3,49.61,0.39,False,0.32999999999999996,0.4961,0.39,0.16666666666666666,0.0,0.0,31.783
2014,Kevin Norwood,NorwKe00,Alabama,123,,SEA,1.0,10.0,Parsed,,,0.0,0.0,False,9.0,102.0,0.0,0.9,10.2,0.0,False,0.09,0.102,0.0,0.008333333333333333,0.0,0.0,4.984999999999999
2014,Ryan Grant,GranRy01,Tulane,142,,WAS,10.0,80.0,Parsed,,,0.0,0.0,False,123.0,1333.0,7.0,1.54,16.66,0.09,False,0.154,0.1666,0.09,0.08333333333333333,0.0,0.0,11.127999999999998
2014,Devin Street,StreDe00,Pittsburgh,146,,DAL,1.0,36.0,Parsed,,,0.0,0.0,False,10.0,152.0,1.0,0.28,4.22,0.03,False,0.028000000000000004,0.042199999999999994,0.03,0.008333333333333333,0.0,0.0,2.5509999999999997
2014,Jared Abbrederis,AbbrJa00,Wisconsin,176,,GNB,1.0,22.0,Parsed,,,0.0,0.0,False,13.0,163.0,0.0,0.59,7.41,0.0,False,0.059,0.0741,0.0,0.008333333333333333,0.0,0.0,3.528
2014,Robert Herron,HerrRo00,Wyoming,185,,TAM,0.0,8.0,Parsed,,,0.0,0.0,False,6.0,58.0,1.0,0.75,7.25,0.12,False,0.075,0.0725,0.12,0.0,0.0,0.0,6.075
2014,T.J. Jones,JoneT.00,Notre Dame,189,,DET,7.0,45.0,Parsed,,,0.0,0.0,False,67.0,852.0,5.0,1.49,18.93,0.11,False,0.149,0.1893,0.11,0.058333333333333334,0.0,0.0,11.734
2014,Matt Hazel,HazeMa01,Coastal Carolina,190,,MIA,0.0,9.0,Parsed,,,0.0,0.0,False,1.0,1.0,0.0,0.11,0.11,0.0,False,0.011,0.0011,0.0,0.0,0.0,0.0,0.253
2014,Walt Powell,PoweWa00,Murray St.,196,,ARI,1.0,15.0,Parsed,,,0.0,0.0,False,14.0,142.0,0.0,0.93,9.47,0.0,False,0.093,0.0947,0.0,0.008333333333333333,0.0,0.0,4.8260000000000005
2014,Quincy Enunwa,EnunQu00,Nebraska,209,,NYJ,13.0,41.0,Parsed,,,0.0,0.0,False,119.0,1617.0,5.0,2.9,39.44,0.12,False,0.29,0.3944,0.12,0.10833333333333334,0.0,0.0,21.657
2014,Michael Campanaro,CampMi02,Wake Forest,218,,BAL,4.0,24.0,Parsed,,,0.0,0.0,False,31.0,310.0,2.0,1.29,12.92,0.08,False,0.129,0.1292,0.08,0.03333333333333333,0.0,0.0,8.556000000000001
2014,Jeff Janis,JaniJe00,Saginaw Valley St.,236,,GNB,2.0,51.0,Parsed,,,0.0,0.0,False,17.0,200.0,1.0,0.33,3.92,0.02,False,0.033,0.0392,0.02,0.016666666666666666,0.0,0.0,2.486
2014,James Wright,WrigJa03,LSU,239,,CIN,2.0,24.0,Parsed,,,0.0,0.0,False,18.0,197.0,0.0,0.75,8.21,0.0,False,0.075,0.0821,0.0,0.016666666666666666,0.0,0.0,4.213
2014,Tevin Reese,ReesTe00,Baylor,240,,SDG,,,Parsed,,,0.0,0.0,False,,,,,,,,0.0,0.0,0.0,0.0,0.0,0.0,0.0
2014,Jeremy Gallon,GallJe00,Michigan,244,,NWE,,,Parsed,,,0.0,0.0,False,,,,,,,,0.0,0.0,0.0,0.0,0.0,0.0,0.0
2015,Amari Cooper,CoopAm00,Alabama,4,,OAK,83.0,154.0,Parsed,,,5.0,0.0,False,711.0,10033.0,64.0,4.62,65.15,0.42,True,0.462,0.6515000000000001,0.42,0.6916666666666667,1.0,0.0,57.56000000000001
2015,Kevin White,WhitKe00,West Virginia,7,,CHI,3.0,30.0,Parsed,,,0.0,0.0,False,28.0,397.0,0.0,0.93,13.23,0.0,False,0.093,0.1323,0.0,0.025,0.0,0.0,6.204
2015,DeVante Parker,ParkDe01,Louisville,14,,MIA,42.0,119.0,Parsed,,,0.0,0.0,False,402.0,5660.0,27.0,3.38,47.56,0.23,True,0.33799999999999997,0.4756,0.23,0.35,0.0,0.0,30.878
2015,Nelson Agholor,AghoNe00,USC,20,,PHI,43.0,149.0,Parsed,,,0.0,0.0,False,389.0,4858.0,37.0,2.61,32.6,0.25,True,0.261,0.326,0.25,0.35833333333333334,0.0,0.0,25.375000000000004
2015,Breshad Perriman,PerrBr02,Central Florida,26,,BAL,17.0,80.0,Parsed,,,0.0,0.0,False,145.0,2343.0,16.0,1.81,29.29,0.2,False,0.181,0.2929,0.2,0.14166666666666666,0.0,0.0,18.532
2015,Phillip Dorsett,DorsPh00,Miami (FL),29,,IND,18.0,94.0,Parsed,,,0.0,0.0,False,151.0,2001.0,12.0,1.61,21.29,0.13,False,0.161,0.21289999999999998,0.13,0.15,0.0,0.0,14.456999999999997
2015,Devin Smith,SmitDe04,Ohio St.,37,,NYJ,2.0,22.0,Parsed,,,0.0,0.0,False,15.0,248.0,2.0,0.68,11.27,0.09,False,0.068,0.1127,0.09,0.016666666666666666,0.0,0.0,6.7909999999999995
2015,Dorial Green-Beckham,GreeDo00,Oklahoma,40,,TEN,7.0,31.0,Parsed,,,0.0,0.0,False,68.0,941.0,6.0,2.19,30.35,0.19,False,0.219,0.3035,0.19,0.058333333333333334,0.0,0.0,18.16
2015,Tyler Lockett,LockTy00,Kansas St.,69,,SEA,83.0,161.0,Parsed,,,1.0,1.0,False,661.0,8594.0,61.0,4.11,53.38,0.38,True,0.41100000000000003,0.5338,0.38,0.6916666666666667,0.2,0.3333333333333333,45.87566666666667
2015,Jaelen Strong,StroJa01,Arizona St.,70,,HOU,2.0,20.0,Parsed,,,0.0,0.0,False,31.0,330.0,4.0,1.55,16.5,0.2,False,0.155,0.165,0.2,0.016666666666666666,0.0,0.0,12.3
2015,Chris Conley,ConlCh00,Georgia,76,,KAN,26.0,132.0,Parsed,,,0.0,0.0,False,226.0,2998.0,15.0,1.71,22.71,0.11,False,0.17099999999999999,0.2271,0.11,0.21666666666666667,0.0,0.0,15.683000000000003
2015,Sammie Coates,CoatSa00,Auburn,87,,PIT,4.0,44.0,Parsed,,,0.0,0.0,False,29.0,528.0,2.0,0.66,12.0,0.05,False,0.066,0.12,0.05,0.03333333333333333,0.0,0.0,6.420000000000001
2015,Ty Montgomery,MontTy01,Stanford,94,,GNB,,,Parsed,,,0.0,0.0,False,,,,,,,,0.0,0.0,0.0,0.0,0.0,0.0,0.0
2015,Jamison Crowder,CrowJa00,Duke,105,,WAS,38.0,123.0,Parsed,,,0.0,0.0,False,440.0,4898.0,31.0,3.58,39.82,0.25,False,0.358,0.3982,0.25,0.31666666666666665,0.0,0.0,28.855999999999998
2015,Justin Hardy,HardJu00,East Carolina,107,,ATL,9.0,73.0,Parsed,,,0.0,0.0,False,95.0,946.0,9.0,1.3,12.96,0.12,False,0.13,0.12960000000000002,0.12,0.075,0.0,0.0,10.013000000000002
2015,Vince Mayle,MaylVi00,Washington St.,123,,CLE,,,Parsed,,,0.0,0.0,False,,,,,,,,0.0,0.0,0.0,0.0,0.0,0.0,0.0
2015,DeAndre Smelter,SmelDe00,Georgia Tech,132,,SFO,0.0,2.0,Parsed,,,0.0,0.0,False,1.0,23.0,0.0,0.5,11.5,0.0,False,0.05,0.115,0.0,0.0,0.0,0.0,4.45
2015,Rashad Greene,GreeRa00,Florida St.,139,,JAX,2.0,25.0,Parsed,,,0.0,0.0,False,30.0,185.0,2.0,1.2,7.4,0.08,False,0.12,0.07400000000000001,0.08,0.016666666666666666,0.0,0.0,6.470000000000001
2015,Stefon Diggs,DiggSt00,Maryland,146,,MIN,103.0,144.0,Parsed,,,4.0,1.0,False,857.0,10491.0,70.0,5.95,72.85,0.49,True,0.595,0.7284999999999999,0.49,0.8583333333333333,0.8,0.3333333333333333,66.09666666666668
2015,Tony Lippett,LippTo00,Michigan St.,156,,MIA,,,Parsed,,,0.0,0.0,False,,,,,,,,0.0,0.0,0.0,0.0,0.0,0.0,0.0
2015,JJ Nelson,NelsJJ00,Ala-Birmingham,159,,ARI,12.0,58.0,Parsed,,,0.0,0.0,False,85.0,1475.0,11.0,1.47,25.43,0.19,False,0.147,0.25429999999999997,0.19,0.1,0.0,0.0,15.869
2015,Kenny Bell,BellKe02,Nebraska,162,,TAM,,,Parsed,,,0.0,0.0,False,,,,,,,,0.0,0.0,0.0,0.0,0.0,0.0,0.0
2015,Keith Mumphery,MumpKe00,Michigan St.,175,,HOU,2.0,27.0,Parsed,,,0.0,0.0,False,24.0,198.0,0.0,0.89,7.33,0.0,False,0.089,0.0733,0.0,0.016666666666666666,0.0,0.0,4.229
2015,Kaelin Clay,ClayKa00,Utah,184,,TAM,,13.0,Parsed,,,0.0,0.0,False,6.0,85.0,0.0,0.46,6.54,0.0,False,0.046,0.0654,0.0,0.0,0.0,0.0,2.8819999999999997
2015,Geremy Davis,DaviGe00,Connecticut,186,,NYG,0.0,36.0,Parsed,,,0.0,0.0,False,5.0,59.0,0.0,0.14,1.64,0.0,False,0.014000000000000002,0.016399999999999998,0.0,0.0,0.0,0.0,0.7719999999999999
2015,Evan Spencer,SpenEv00,Ohio St.,187,,WAS,,,Parsed,,,0.0,0.0,False,,,,,,,,0.0,0.0,0.0,0.0,0.0,0.0,0.0
2015,Bud Sasser,SassBu00,Missouri,201,,STL,,,Parsed,,,0.0,0.0,False,,,,,,,,0.0,0.0,0.0,0.0,0.0,0.0,0.0
2015,Darren Waller,WallDa01,Georgia Tech,204,,BAL,34.0,86.0,Parsed,,,1.0,0.0,False,350.0,4124.0,20.0,4.07,47.95,0.23,False,0.40700000000000003,0.47950000000000004,0.23,0.2833333333333333,0.2,0.0,33.375
2015,Neal Sterling,SterNe00,Monmouth,220,,JAX,2.0,35.0,Parsed,,,0.0,0.0,False,24.0,239.0,0.0,0.69,6.83,0.0,False,0.06899999999999999,0.0683,0.0,0.016666666666666666,0.0,0.0,3.6790000000000003
2015,Andre Debose,DeboAn00,Florida,221,,OAK,,,Parsed,,,0.0,0.0,False,,,,,,,,0.0,0.0,0.0,0.0,0.0,0.0,0.0
2015,Da'Ron Brown,BrowDa03,Northern Illinois,233,,KAN,,,Parsed,,,0.0,0.0,False,,,,,,,,0.0,0.0,0.0,0.0,0.0,0.0,0.0
2015,Dezmin Lewis,LewiDe02,Central Arkansas,234,,BUF,0.0,2.0,Parsed,,,0.0,0.0,False,0.0,0.0,0.0,0.0,0.0,0.0,False,0.0,0.0,0.0,0.0,0.0,0.0,0.0
2015,Mario Alford,AlfoMa00,West Virginia,238,,CIN,,1.0,Parsed,,,0.0,0.0,False,1.0,15.0,0.0,1.0,15.0,0.0,False,0.1,0.15,0.0,0.0,0.0,0.0,6.5
2015,Tre McBride,McBrTr00,William & Mary,245,,TEN,1.0,17.0,Parsed,,,0.0,0.0,False,10.0,152.0,1.0,0.59,8.94,0.06,False,0.059,0.0894,0.06,0.008333333333333333,0.0,0.0,5.187
2016,Corey Coleman,ColeCo00,Baylor,15,,CLE,6.0,27.0,Parsed,,,0.0,0.0,False,61.0,789.0,5.0,2.26,29.22,0.19,False,0.22599999999999998,0.2922,0.19,0.05,0.0,0.0,17.836000000000002
2016,Will Fuller,FullWi01,Notre Dame,21,,HOU,26.0,55.0,Parsed,,,0.0,0.0,False,213.0,3136.0,24.0,3.87,57.02,0.44,True,0.387,0.5702,0.44,0.21666666666666667,0.0,0.0,36.89600000000001
2016,Josh Doctson,DoctJo00,TCU,22,,WAS,9.0,34.0,Parsed,,,0.0,0.0,False,81.0,1100.0,8.0,2.38,32.35,0.24,False,0.238,0.3235,0.24,0.075,0.0,0.0,20.39
2016,Laquon Treadwell,TreaLa00,Mississippi,23,,MIN,9.0,83.0,Parsed,,,0.0,0.0,False,111.0,1242.0,5.0,1.34,14.96,0.06,False,0.134,0.1496,0.06,0.075,0.0,0.0,9.493
2016,Sterling Shepard,ShepSt00,Oklahoma,40,,NYG,34.0,104.0,Parsed,,,0.0,0.0,False,404.0,4429.0,24.0,3.88,42.59,0.23,False,0.388,0.42590000000000006,0.23,0.2833333333333333,0.0,0.0,29.387
2016,Michael Thomas,ThomMi05,Ohio St.,47,,NOR,66.0,83.0,Parsed,,,3.0,2.0,False,565.0,6569.0,36.0,6.81,79.14,0.43,True,0.6809999999999999,0.7914,0.43,0.55,0.6,0.6666666666666666,63.54533333333333
2016,Tyler Boyd,BoydTy00,Pittsburgh,55,,CIN,56.0,136.0,Parsed,,,0.0,0.0,False,552.0,6390.0,31.0,4.06,46.99,0.23,True,0.40599999999999997,0.46990000000000004,0.23,0.4666666666666667,0.0,0.0,33.817
2016,Braxton Miller,MillBr03,Ohio St.,85,,HOU,2.0,21.0,Parsed,,,0.0,0.0,False,34.0,261.0,2.0,1.62,12.43,0.1,False,0.162,0.1243,0.1,0.016666666666666666,0.0,0.0,9.219000000000001
2016,Leonte Carroo,CarrLe00,Rutgers,86,,MIA,2.0,37.0,Parsed,,,0.0,0.0,False,12.0,192.0,2.0,0.32,5.19,0.05,False,0.032,0.0519,0.05,0.016666666666666666,0.0,0.0,3.447
2016,Chris Moore,MoorCh00,Cincinnati,107,,BAL,14.0,111.0,Parsed,,,0.0,0.0,False,138.0,1710.0,8.0,1.24,15.41,0.07,False,0.124,0.15410000000000001,0.07,0.11666666666666667,0.0,0.0,10.253
2016,Malcolm Mitchell,MitcMa01,Georgia,112,,NWE,4.0,14.0,Parsed,,,0.0,0.0,False,32.0,401.0,4.0,2.29,28.64,0.29,False,0.229,0.2864,0.29,0.03333333333333333,0.0,0.0,19.472
2016,Ricardo Louis,LouiRi00,Auburn,114,,CLE,3.0,32.0,Parsed,,,0.0,0.0,False,45.0,562.0,0.0,1.41,17.56,0.0,False,0.141,0.17559999999999998,0.0,0.025,0.0,0.0,8.463
2016,Pharoh Cooper,CoopPh00,South Carolina,117,,LAR,,75.0,Parsed,,,1.0,1.0,False,61.0,545.0,1.0,0.81,7.27,0.01,False,0.081,0.0727,0.01,0.0,0.2,0.3333333333333333,7.667666666666667
2016,Demarcus Robinson,RobiDe01,Florida,126,,KAN,29.0,147.0,Parsed,,,0.0,0.0,False,250.0,3013.0,27.0,1.7,20.5,0.18,False,0.16999999999999998,0.205,0.18,0.24166666666666667,0.0,0.0,16.775
2016,Tajae Sharpe,SharTa00,Massachusetts,140,,TEN,13.0,66.0,Parsed,,,0.0,0.0,False,117.0,1397.0,8.0,1.77,21.17,0.12,False,0.177,0.21170000000000003,0.12,0.10833333333333334,0.0,0.0,13.916
2016,Jordan Payton,PaytJo00,UCLA,154,,CLE,0.0,4.0,Parsed,,,0.0,0.0,False,1.0,3.0,0.0,0.25,0.75,0.0,False,0.025,0.0075,0.0,0.0,0.0,0.0,0.7250000000000001
2016,Trevor Davis,DaviTr03,California,163,,GNB,,41.0,Parsed,,,0.0,0.0,False,16.0,205.0,1.0,0.39,5.0,0.02,False,0.039,0.05,0.02,0.0,0.0,0.0,2.68
2016,Tyreek Hill,HillTy00,West Alabama,165,,KAN,116.0,141.0,Parsed,,,8.0,5.0,False,798.0,11098.0,82.0,5.66,78.71,0.58,True,0.5660000000000001,0.7870999999999999,0.58,0.9666666666666667,1.6,1.6666666666666667,85.36633333333333
2016,Rashard Higgins,HiggRa00,Colorado St.,172,,CLE,14.0,85.0,Parsed,,,0.0,0.0,False,137.0,1890.0,12.0,1.61,22.24,0.14,False,0.161,0.2224,0.14,0.11666666666666667,0.0,0.0,14.441999999999997
2016,Moritz Boehringer,BoehMo00,,180,,MIN,,,Parsed,,,0.0,0.0,False,,,,,,,,0.0,0.0,0.0,0.0,0.0,0.0,0.0
2016,Jakeem Grant,GranJa00,Texas Tech,186,,MIA,15.0,81.0,Parsed,,,1.0,0.0,False,100.0,1140.0,7.0,1.23,14.07,0.09,False,0.123,0.1407,0.09,0.125,0.2,0.0,12.356
2016,Kolby Listenbee,ListKo00,TCU,192,,BUF,,,Parsed,,,0.0,0.0,False,,,,,,,,0.0,0.0,0.0,0.0,0.0,0.0,0.0
2016,Cody Core,CoreCo00,Mississippi,199,,CIN,3.0,51.0,Parsed,,,0.0,0.0,False,33.0,388.0,1.0,0.65,7.61,0.02,False,0.065,0.0761,0.02,0.025,0.0,0.0,4.3580000000000005
2016,Mike Thomas,ThomMi04,Southern Miss,206,,LAR,2.0,76.0,Parsed,,,0.0,0.0,False,30.0,366.0,1.0,0.39,4.82,0.01,False,0.039,0.0482,0.01,0.016666666666666666,0.0,0.0,2.6759999999999997
2016,Aaron Burbridge,BurbAa00,Michigan St.,213,,SFO,1.0,16.0,Parsed,,,0.0,0.0,False,7.0,88.0,0.0,0.44,5.5,0.0,False,0.044,0.055,0.0,0.008333333333333333,0.0,0.0,2.6550000000000002
2016,Devin Lucien,LuciDe00,Arizona St.,225,,NWE,,,Parsed,,,0.0,0.0,False,,,,,,,,0.0,0.0,0.0,0.0,0.0,0.0,0.0
2016,Demarcus Ayers,AyerDe00,Houston,229,,PIT,0.0,2.0,Parsed,,,0.0,0.0,False,6.0,53.0,1.0,3.0,26.5,0.5,False,0.3,0.265,0.5,0.0,0.0,0.0,23.950000000000003
2016,Daniel Braverman,BravDa00,Western Michigan,230,,CHI,,,Parsed,,,0.0,0.0,False,,,,,,,,0.0,0.0,0.0,0.0,0.0,0.0,0.0
2016,Devin Fuller,FullDe00,UCLA,238,,ATL,,,Parsed,,,0.0,0.0,False,,,,,,,,0.0,0.0,0.0,0.0,0.0,0.0,0.0
2016,Charone Peake,PeakCh00,Clemson,241,,NYJ,1.0,31.0,Parsed,,,0.0,0.0,False,22.0,214.0,0.0,0.71,6.9,0.0,False,0.071,0.069,0.0,0.008333333333333333,0.0,0.0,3.615
2016,Kenny Lawler,LawlKe00,California,243,,SEA,,,Parsed,,,0.0,0.0,False,,,,,,,,0.0,0.0,0.0,0.0,0.0,0.0,0.0
2017,Corey Davis,DaviCo03,Western Michigan,5,,TEN,34.0,78.0,Parsed,,,0.0,0.0,False,273.0,3879.0,17.0,3.5,49.73,0.22,False,0.35,0.49729999999999996,0.22,0.2833333333333333,0.0,0.0,30.568999999999996
2017,Mike Williams,WillMi07,Clemson,7,,LAC,43.0,106.0,Parsed,,,0.0,0.0,False,330.0,5104.0,32.0,3.11,48.15,0.3,True,0.311,0.4815,0.3,0.35833333333333334,0.0,0.0,32.04
2017,John Ross,RossJo00,Washington,9,,CIN,7.0,38.0,Parsed,,,0.0,0.0,False,63.0,963.0,11.0,1.66,25.34,0.29,False,0.16599999999999998,0.2534,0.29,0.058333333333333334,0.0,0.0,17.597
2017,Zay Jones,JoneZa00,East Carolina,37,,BUF,28.0,115.0,Parsed,,,0.0,0.0,False,295.0,3112.0,18.0,2.57,27.06,0.16,False,0.257,0.2706,0.16,0.23333333333333334,0.0,0.0,19.958000000000002
2017,Curtis Samuel,SamuCu00,Ohio St.,40,,CAR,33.0,105.0,Parsed,,,0.0,0.0,False,348.0,3636.0,23.0,3.31,34.63,0.22,False,0.331,0.34630000000000005,0.22,0.275,0.0,0.0,25.534000000000002
2017,JuJu Smith-Schuster,SmitJu00,USC,62,,PIT,46.0,104.0,Parsed,,,1.0,0.0,False,448.0,5279.0,32.0,4.31,50.76,0.31,True,0.43099999999999994,0.5075999999999999,0.31,0.38333333333333336,0.2,0.0,37.798
2017,Cooper Kupp,KuppCo00,Eastern Washington,69,,LAR,70.0,104.0,Parsed,,,1.0,1.0,False,634.0,7776.0,57.0,6.1,74.77,0.55,True,0.61,0.7476999999999999,0.55,0.5833333333333334,0.2,0.3333333333333333,58.04766666666667
2017,Taywan Taylor,TaylTa00,Western Kentucky,72,,TEN,6.0,35.0,Parsed,,,0.0,0.0,False,53.0,697.0,2.0,1.51,19.91,0.06,False,0.151,0.1991,0.06,0.05,0.0,0.0,10.943
2017,ArDarius Stewart,StewAr00,Alabama,79,,NYJ,,,Parsed,,,0.0,0.0,False,,,,,,,,0.0,0.0,0.0,0.0,0.0,0.0,0.0
2017,Carlos Henderson,HendCa01,Louisiana Tech,82,,DEN,,,Parsed,,,0.0,0.0,False,,,,,,,,0.0,0.0,0.0,0.0,0.0,0.0,0.0
2017,Chris Godwin,GodwCh00,Penn St.,84,,TAM,60.0,111.0,Parsed,,,1.0,0.0,False,579.0,7266.0,39.0,5.22,65.46,0.35,True,0.522,0.6546,0.35,0.5,0.2,0.0,46.578
2017,Kenny Golladay,GollKe00,Northern Illinois,96,,DET,29.0,73.0,Parsed,,,1.0,0.0,False,226.0,3670.0,22.0,3.1,50.27,0.3,False,0.31,0.5027,0.3,0.24166666666666667,0.2,0.0,32.906
2017,Chad Williams,WillCh05,Grambling St.,98,,ARI,1.0,17.0,Parsed,,,0.0,0.0,False,20.0,202.0,1.0,1.18,11.88,0.06,False,0.118,0.1188,0.06,0.008333333333333333,0.0,0.0,7.249
2017,Amara Darboh,DarbAm00,Michigan,106,,SEA,1.0,16.0,Parsed,,,0.0,0.0,False,8.0,71.0,0.0,0.5,4.44,0.0,False,0.05,0.0444,0.0,0.008333333333333333,0.0,0.0,2.4570000000000003
2017,Dede Westbrook,WestDe00,Oklahoma,110,,JAX,15.0,55.0,Parsed,,,0.0,0.0,False,170.0,1788.0,9.0,3.09,32.51,0.16,False,0.309,0.3251,0.16,0.125,0.0,0.0,21.008
2017,Josh Reynolds,ReynJo00,Texas A&M,117,,LAR,29.0,116.0,Parsed,,,0.0,0.0,False,233.0,3127.0,20.0,2.01,26.96,0.17,False,0.20099999999999998,0.2696,0.17,0.24166666666666667,0.0,0.0,19.133
2017,Mack Hollins,HollMa00,North Carolina,118,,PHI,19.0,112.0,Parsed,,,0.0,0.0,False,162.0,2069.0,15.0,1.45,18.47,0.13,False,0.145,0.18469999999999998,0.13,0.15833333333333333,0.0,0.0,13.415999999999997
2017,Josh Malone,MaloJo00,Tennessee,128,,CIN,1.0,26.0,Parsed,,,0.0,0.0,False,11.0,91.0,1.0,0.42,3.5,0.04,False,0.041999999999999996,0.035,0.04,0.008333333333333333,0.0,0.0,2.815
2017,Ryan Switzer,SwitRy00,North Carolina,133,,DAL,3.0,41.0,Parsed,,,0.0,0.0,False,50.0,321.0,1.0,1.22,7.83,0.02,False,0.122,0.0783,0.02,0.025,0.0,0.0,5.564000000000001
2017,Jehu Chesson,ChesJe00,Michigan,139,,KAN,0.0,24.0,Parsed,,,0.0,0.0,False,3.0,25.0,0.0,0.12,1.04,0.0,False,0.012,0.0104,0.0,0.0,0.0,0.0,0.552
2017,Chad Hansen,HansCh00,California,141,,NYJ,3.0,20.0,Parsed,,,0.0,0.0,False,26.0,330.0,1.0,1.3,16.5,0.05,False,0.13,0.165,0.05,0.025,0.0,0.0,8.925000000000002
2017,Shelton Gibson,GibsSh00,West Virginia,166,,PHI,0.0,20.0,Parsed,,,0.0,0.0,False,3.0,59.0,0.0,0.15,2.95,0.0,False,0.015,0.029500000000000002,0.0,0.0,0.0,0.0,1.185
2017,Rodney Adams,AdamRo01,South Florida,170,,MIN,,,Parsed,,,0.0,0.0,False,,,,,,,,0.0,0.0,0.0,0.0,0.0,0.0,0.0
2017,Isaiah McKenzie,McKeIs00,Georgia,172,,DEN,16.0,93.0,Parsed,,,0.0,0.0,False,152.0,1427.0,11.0,1.63,15.34,0.12,False,0.16299999999999998,0.1534,0.12,0.13333333333333333,0.0,0.0,12.261999999999999
2017,DeAngelo Yancey,YancDe00,Purdue,175,,GNB,,,Parsed,,,0.0,0.0,False,,,,,,,,0.0,0.0,0.0,0.0,0.0,0.0,0.0
2017,Trent Taylor,TaylTr02,Louisiana Tech,177,,SFO,7.0,80.0,Parsed,,,0.0,0.0,False,88.0,845.0,3.0,1.1,10.56,0.04,False,0.11000000000000001,0.1056,0.04,0.058333333333333334,0.0,0.0,7.043000000000001
2017,Robert Davis,DaviRo00,Georgia St.,209,,WAS,0.0,7.0,Parsed,,,0.0,0.0,False,2.0,17.0,0.0,0.29,2.43,0.0,False,0.028999999999999998,0.024300000000000002,0.0,0.0,0.0,0.0,1.3090000000000002
2017,Stacy Coley,ColeSt00,Miami (FL),219,,MIN,,3.0,Parsed,,,0.0,0.0,False,0.0,0.0,0.0,0.0,0.0,0.0,False,0.0,0.0,0.0,0.0,0.0,0.0,0.0
2017,David Moore,MoorDa03,East Central (OK),226,,SEA,16.0,74.0,Parsed,,,0.0,0.0,False,115.0,1608.0,17.0,1.55,21.73,0.23,False,0.155,0.2173,0.23,0.13333333333333333,0.0,0.0,16.219
2017,Isaiah Ford,FordIs00,Virginia Tech,237,,MIA,5.0,32.0,Parsed,,,0.0,0.0,False,63.0,681.0,2.0,1.97,21.28,0.06,False,0.197,0.21280000000000002,0.06,0.041666666666666664,0.0,0.0,12.149000000000001
2017,Noah Brown,BrowNo00,Ohio St.,239,,DAL,19.0,87.0,Parsed,,,0.0,0.0,False,150.0,2000.0,6.0,1.72,22.99,0.07,False,0.172,0.2299,0.07,0.15833333333333333,0.0,0.0,14.112
2017,Malachi Dupre,DuprMa01,LSU,247,,GNB,,,Parsed,,,0.0,0.0,False,,,,,,,,0.0,0.0,0.0,0.0,0.0,0.0,0.0
2018,D.J. Moore,MoorD.00,Maryland,24,,CAR,65.0,114.0,Parsed,,,0.0,0.0,False,558.0,7531.0,35.0,4.89,66.06,0.31,True,0.489,0.6606000000000001,0.31,0.5416666666666666,0.0,0.0,43.923
2018,Calvin Ridley,RidlCa00,Alabama,26,,ATL,44.0,83.0,Parsed,,,0.0,0.0,False,388.0,5375.0,40.0,4.67,64.76,0.48,True,0.46699999999999997,0.6476000000000001,0.48,0.36666666666666664,0.0,0.0,43.868
2018,Courtland Sutton,SuttCo00,SMU,40,,DEN,43.0,98.0,Parsed,,,1.0,0.0,False,379.0,5340.0,32.0,3.87,54.49,0.33,True,0.387,0.5449,0.33,0.35833333333333334,0.2,0.0,38.062000000000005
2018,Dante Pettis,PettDa00,Washington,44,,SFO,11.0,58.0,Parsed,,,0.0,0.0,False,83.0,1104.0,13.0,1.43,19.03,0.22,False,0.143,0.19030000000000002,0.22,0.09166666666666666,0.0,0.0,14.344000000000001
2018,Christian Kirk,KirkCh01,Texas A&M,47,,ARI,46.0,93.0,Parsed,,,0.0,0.0,False,404.0,5176.0,29.0,4.34,55.66,0.31,True,0.434,0.5566,0.31,0.38333333333333336,0.0,0.0,37.328
2018,Anthony Miller,MillAn02,Memphis,51,,CHI,13.0,52.0,Parsed,,,0.0,0.0,False,141.0,1605.0,12.0,2.71,30.87,0.23,False,0.271,0.30870000000000003,0.23,0.10833333333333334,0.0,0.0,20.906000000000002
2018,James Washington,WashJa00,Oklahoma St.,60,,PIT,12.0,62.0,Parsed,,,0.0,0.0,False,114.0,1629.0,11.0,1.84,26.27,0.18,False,0.184,0.2627,0.18,0.1,0.0,0.0,16.660999999999998
2018,DJ Chark,CharDJ00,LSU,61,,JAX,23.0,76.0,Parsed,,,1.0,0.0,False,216.0,3100.0,24.0,2.84,40.79,0.32,False,0.284,0.4079,0.32,0.19166666666666668,0.2,0.0,29.192
2018,Michael Gallup,GallMi00,Colorado St.,81,,DAL,33.0,86.0,Parsed,,,0.0,0.0,False,266.0,3744.0,21.0,3.09,43.53,0.24,False,0.309,0.4353,0.24,0.275,0.0,0.0,28.164
2018,Tre'Quan Smith,SmitTr03,Central Florida,91,,NOR,16.0,67.0,Parsed,,,0.0,0.0,False,131.0,1764.0,18.0,1.96,26.33,0.27,False,0.196,0.2633,0.27,0.13333333333333333,0.0,0.0,19.219
2018,Keke Coutee,CoutKe00,Texas Tech,103,,HOU,7.0,33.0,Parsed,,,0.0,0.0,False,85.0,966.0,4.0,2.58,29.27,0.12,False,0.258,0.2927,0.12,0.058333333333333334,0.0,0.0,17.216
2018,Antonio Callaway,CallAn00,Florida,105,,CLE,5.0,25.0,Parsed,,,0.0,0.0,False,53.0,695.0,5.0,2.12,27.8,0.2,False,0.21200000000000002,0.278,0.2,0.041666666666666664,0.0,0.0,17.205000000000005
2018,DaeSean Hamilton,HamiDa01,Penn St.,113,,DEN,6.0,46.0,Parsed,,,0.0,0.0,False,81.0,833.0,5.0,1.76,18.11,0.11,False,0.176,0.18109999999999998,0.11,0.05,0.0,0.0,11.903
2018,Jaleel Scott,ScotJa02,New Mexico St.,132,,BAL,0.0,4.0,Parsed,,,0.0,0.0,False,2.0,22.0,0.0,0.5,5.5,0.0,False,0.05,0.055,0.0,0.0,0.0,0.0,2.6500000000000004
2018,J'Mon Moore,MoorJM00,Missouri,133,,GNB,0.0,12.0,Parsed,,,0.0,0.0,False,2.0,15.0,0.0,0.17,1.25,0.0,False,0.017,0.0125,0.0,0.0,0.0,0.0,0.715
2018,Justin Watson,WatsJu01,Pennsylvania,144,,TAM,12.0,90.0,Parsed,,,0.0,0.0,False,87.0,1322.0,9.0,0.97,14.69,0.1,False,0.097,0.1469,0.1,0.1,0.0,0.0,9.847
2018,Daurice Fountain,FounDa00,Northern Iowa,159,,IND,0.0,8.0,Parsed,,,0.0,0.0,False,2.0,23.0,0.0,0.25,2.88,0.0,False,0.025,0.0288,0.0,0.0,0.0,0.0,1.364
2018,Jordan Lasley,LaslJo00,UCLA,162,,BAL,,,Parsed,,,0.0,0.0,False,,,,,,,,0.0,0.0,0.0,0.0,0.0,0.0,0.0
2018,Marquez Valdes-Scantling,ValdMa00,South Florida,174,,GNB,32.0,106.0,Parsed,,,0.0,0.0,False,205.0,3566.0,20.0,1.93,33.64,0.19,False,0.193,0.33640000000000003,0.19,0.26666666666666666,0.0,0.0,21.752000000000002
2018,Damion Ratley,RatlDa00,Texas A&M,175,,CLE,4.0,31.0,Parsed,,,0.0,0.0,False,29.0,407.0,1.0,0.94,13.13,0.03,False,0.094,0.1313,0.03,0.03333333333333333,0.0,0.0,6.919000000000001
2018,Deon Cain,CainDe00,Clemson,185,,IND,1.0,15.0,Parsed,,,0.0,0.0,False,9.0,124.0,0.0,0.6,8.27,0.0,False,0.06,0.0827,0.0,0.008333333333333333,0.0,0.0,3.8059999999999996
2018,Ray-Ray McCloud,McClRa00,Clemson,187,,BUF,14.0,94.0,Parsed,,,0.0,0.0,False,152.0,1454.0,2.0,1.62,15.47,0.02,False,0.162,0.1547,0.02,0.11666666666666667,0.0,0.0,10.031
2018,Dylan Cantrell,CantDy00,Texas Tech,191,,LAC,,,Parsed,,,0.0,0.0,False,,,,,,,,0.0,0.0,0.0,0.0,0.0,0.0,0.0
2018,Russell Gage,GageRu00,LSU,194,,ATL,21.0,74.0,Parsed,,,0.0,0.0,False,244.0,2491.0,14.0,3.3,33.66,0.19,False,0.32999999999999996,0.33659999999999995,0.19,0.175,0.0,0.0,23.122999999999998
2018,Tremon Smith,SmitTr04,Central Arkansas,196,,KAN,,,Parsed,,,0.0,0.0,False,,,,,,,,0.0,0.0,0.0,0.0,0.0,0.0,0.0
2018,Equanimeous St. Brown,St.BEq00,Notre Dame,207,,GNB,9.0,62.0,Parsed,,,0.0,0.0,False,63.0,928.0,2.0,1.02,14.97,0.03,False,0.10200000000000001,0.1497,0.03,0.075,0.0,0.0,8.256
2018,Cedrick Wilson Jr.,WilsCe01,Boise St.,208,,DAL,12.0,83.0,Parsed,,,0.0,0.0,False,121.0,1480.0,12.0,1.46,17.83,0.14,False,0.146,0.1783,0.14,0.1,0.0,0.0,12.569000000000003
2018,Braxton Berrios,BerrBr00,Miami (FL),210,,NWE,12.0,87.0,Parsed,,,0.0,1.0,False,134.0,1323.0,6.0,1.54,15.21,0.07,False,0.154,0.1521,0.07,0.1,0.0,0.3333333333333333,12.209666666666665
2018,Javon Wims,WimsJa00,Georgia,224,,CHI,1.0,34.0,Parsed,,,0.0,0.0,False,28.0,266.0,2.0,0.82,7.82,0.06,False,0.08199999999999999,0.0782,0.06,0.008333333333333333,0.0,0.0,5.311000000000001
2018,Marcell Ateman,AtemMa00,Oklahoma St.,228,,OAK,2.0,19.0,Parsed,,,0.0,0.0,False,20.0,270.0,1.0,1.05,14.21,0.05,False,0.10500000000000001,0.1421,0.05,0.016666666666666666,0.0,0.0,7.613
2018,Richie James,JameRi00,Middle Tenn. St.,240,,SFO,14.0,66.0,Parsed,,,0.0,0.0,False,105.0,1372.0,7.0,1.59,20.79,0.11,False,0.159,0.2079,0.11,0.11666666666666667,0.0,0.0,13.367
2018,Auden Tate,TateAu00,Florida St.,253,,CIN,5.0,35.0,Parsed,,,0.0,0.0,False,61.0,799.0,2.0,1.74,22.83,0.06,False,0.174,0.22829999999999998,0.06,0.041666666666666664,0.0,0.0,12.154
2018,Austin Proehl,ProeAu00,North Carolina,255,,BUF,,,Parsed,,,0.0,0.0,False,,,,,,,,0.0,0.0,0.0,0.0,0.0,0.0,0.0
2018,Trey Quinn,QuinTr00,SMU,256,,WAS,2.0,16.0,Parsed,,,0.0,0.0,False,35.0,273.0,2.0,2.19,17.06,0.12,False,0.219,0.17059999999999997,0.12,0.016666666666666666,0.0,0.0,12.148
2019,Marquise Brown,BrowMa04,Oklahoma,25,,BAL,38.0,74.0,Parsed,,,0.0,0.0,False,322.0,3735.0,28.0,4.35,50.47,0.38,False,0.43499999999999994,0.5047,0.38,0.31666666666666665,0.0,0.0,36.191
2019,N'Keal Harry,HarrNK00,Arizona St.,32,,NWE,7.0,49.0,Parsed,,,0.0,0.0,False,64.0,714.0,5.0,1.31,14.57,0.1,False,0.131,0.1457,0.1,0.058333333333333334,0.0,0.0,9.866
2019,Deebo Samuel,SamuDe00,South Carolina,36,,SFO,52.0,81.0,Parsed,,,1.0,1.0,False,334.0,4792.0,22.0,4.12,59.16,0.27,True,0.41200000000000003,0.5916,0.27,0.43333333333333335,0.2,0.3333333333333333,41.55466666666667
2019,A.J. Brown,BrowAJ00,Mississippi,51,,TEN,74.0,90.0,Parsed,,,3.0,0.0,False,446.0,7026.0,49.0,4.96,78.07,0.54,True,0.496,0.7807,0.54,0.6166666666666667,0.6,0.0,59.39099999999999
2019,Mecole Hardman,HardMe00,Georgia,56,,KAN,25.0,80.0,Parsed,,,1.0,0.0,False,178.0,2302.0,16.0,2.23,28.77,0.2,False,0.223,0.2877,0.2,0.20833333333333334,0.2,0.0,22.216
2019,JJ Arcega-Whiteside,ArceJJ00,Stanford,57,,PHI,2.0,40.0,Parsed,,,0.0,0.0,False,16.0,290.0,1.0,0.4,7.25,0.03,False,0.04,0.0725,0.03,0.016666666666666666,0.0,0.0,3.8249999999999997
2019,Parris Campbell,CampPa00,Ohio St.,59,,IND,10.0,49.0,Parsed,,,0.0,0.0,False,123.0,1117.0,6.0,2.51,22.8,0.12,False,0.251,0.228,0.12,0.08333333333333333,0.0,0.0,15.510000000000002
2019,Andy Isabella,IsabAn00,Massachusetts,62,,ARI,4.0,43.0,Parsed,,,0.0,0.0,False,33.0,447.0,3.0,0.77,10.4,0.07,False,0.077,0.10400000000000001,0.07,0.03333333333333333,0.0,0.0,6.5600000000000005
2019,D.K. Metcalf,MetcDK00,Mississippi,64,,SEA,57.0,97.0,Parsed,,,2.0,0.0,False,438.0,6324.0,48.0,4.52,65.2,0.49,True,0.45199999999999996,0.652,0.49,0.475,0.4,0.0,49.525
2019,Diontae Johnson,JohnDi01,Toledo,66,,PIT,39.0,89.0,Parsed,,,1.0,0.0,False,424.0,4738.0,28.0,4.76,53.24,0.31,True,0.476,0.5324,0.31,0.325,0.2,0.0,38.56700000000001
2019,Jalen Hurd,HurdJa00,Baylor,67,,SFO,,,Parsed,,,0.0,0.0,False,,,,,,,,0.0,0.0,0.0,0.0,0.0,0.0,0.0
2019,Terry McLaurin,McLaTe00,Ohio St.,76,,WAS,53.0,97.0,Parsed,,,2.0,0.0,False,460.0,6379.0,38.0,4.74,65.76,0.39,True,0.47400000000000003,0.6576000000000001,0.39,0.44166666666666665,0.4,0.0,47.633
2019,Miles Boykin,BoykMi00,Notre Dame,93,,BAL,6.0,73.0,Parsed,,,0.0,0.0,False,38.0,498.0,7.0,0.52,6.82,0.1,False,0.052000000000000005,0.0682,0.1,0.05,0.0,0.0,5.836
2019,Hakeem Butler,ButlHa00,Iowa St.,103,,ARI,,,Parsed,,,0.0,0.0,False,,,,,,,,0.0,0.0,0.0,0.0,0.0,0.0,0.0
2019,Gary Jennings Jr,JennGa00,West Virginia,120,,SEA,,,Parsed,,,0.0,0.0,False,,,,,,,,0.0,0.0,0.0,0.0,0.0,0.0,0.0
2019,Riley Ridley,RidlRi00,Georgia,126,,CHI,1.0,10.0,Parsed,,,0.0,0.0,False,10.0,108.0,0.0,1.0,10.8,0.0,False,0.1,0.10800000000000001,0.0,0.008333333333333333,0.0,0.0,5.365000000000001
2019,Hunter Renfrow,RenfHu00,Clemson,149,,OAK,23.0,73.0,Parsed,,,1.0,0.0,False,269.0,2884.0,17.0,3.68,39.51,0.23,False,0.368,0.3951,0.23,0.19166666666666668,0.2,0.0,28.688000000000002
2019,Darius Slayton,SlayDa01,Auburn,171,,NYG,31.0,92.0,Parsed,,,0.0,0.0,False,259.0,3897.0,21.0,2.82,42.36,0.23,False,0.282,0.4236,0.23,0.25833333333333336,0.0,0.0,26.823000000000004
2019,KeeSean Johnson,JohnKe07,Fresno St.,174,,ARI,4.0,18.0,Parsed,,,0.0,0.0,False,36.0,360.0,1.0,2.0,20.0,0.06,False,0.2,0.2,0.06,0.03333333333333333,0.0,0.0,11.700000000000001
2019,Travis Fulgham,FulgTr00,Old Dominion,184,,DET,4.0,17.0,Parsed,,,0.0,0.0,False,38.0,539.0,4.0,2.24,31.71,0.24,False,0.22400000000000003,0.3171,0.24,0.03333333333333333,0.0,0.0,19.293
2019,Juwann Winfree,WinfJu00,Colorado,187,,DEN,1.0,23.0,Parsed,,,0.0,0.0,False,9.0,75.0,0.0,0.39,3.26,0.0,False,0.039,0.0326,0.0,0.008333333333333333,0.0,0.0,1.883
2019,Marcus Green,GreeMa02,La-Monroe,203,,ATL,,,Parsed,,,0.0,0.0,False,,,,,,,,0.0,0.0,0.0,0.0,0.0,0.0,0.0
2019,Kelvin Harmon,HarmKe00,North Carolina St.,206,,WAS,3.0,16.0,Parsed,,,0.0,0.0,False,30.0,365.0,0.0,1.88,22.81,0.0,False,0.188,0.2281,0.0,0.025,0.0,0.0,10.977999999999998
2019,Scott Miller,MillSc01,Bowling Green,208,,TAM,11.0,80.0,Parsed,,,0.0,0.0,False,90.0,1154.0,6.0,1.12,14.43,0.07,False,0.11200000000000002,0.14429999999999998,0.07,0.09166666666666666,0.0,0.0,9.344
2019,John Ursua,UrsuJo00,Hawaii,236,,SEA,0.0,3.0,Parsed,,,0.0,0.0,False,1.0,11.0,0.0,0.33,3.67,0.0,False,0.033,0.036699999999999997,0.0,0.0,0.0,0.0,1.7610000000000001
2019,Terry Godwin,GodwTe00,Georgia,237,,CAR,0.0,3.0,Parsed,,,0.0,0.0,False,3.0,32.0,0.0,1.0,10.67,0.0,False,0.1,0.1067,0.0,0.0,0.0,0.0,5.2010000000000005
2019,Dillon Mitchell,MitcDi00,Oregon,239,,MIN,,,Parsed,,,0.0,0.0,False,,,,,,,,0.0,0.0,0.0,0.0,0.0,0.0,0.0
2019,Olabisi Johnson,JohnOl00,Colorado St.,247,,MIN,5.0,32.0,Parsed,,,0.0,0.0,False,45.0,483.0,3.0,1.41,15.09,0.09,False,0.141,0.1509,0.09,0.041666666666666664,0.0,0.0,9.772
2020,Henry Ruggs III,RuggHe00,Alabama,12,,LVR,8.0,20.0,Parsed,,,0.0,0.0,False,50.0,921.0,4.0,2.5,46.05,0.2,False,0.25,0.46049999999999996,0.2,0.06666666666666667,0.0,0.0,23.815
2020,Jerry Jeudy,JeudJe00,Alabama,15,,DEN,31.0,74.0,Parsed,,,1.0,0.0,False,301.0,4282.0,15.0,4.07,57.86,0.2,False,0.40700000000000003,0.5786,0.2,0.25833333333333336,0.2,0.0,35.373000000000005
2020,CeeDee Lamb,LambCe00,Oklahoma,17,,DAL,62.0,81.0,Parsed,,,4.0,1.0,False,496.0,6339.0,38.0,6.12,78.26,0.47,True,0.612,0.7826000000000001,0.47,0.5166666666666667,0.8,0.3333333333333333,62.53466666666668
2020,Jalen Reagor,ReagJa00,TCU,21,,PHI,11.0,64.0,Parsed,,,0.0,0.0,False,86.0,1037.0,4.0,1.34,16.2,0.06,False,0.134,0.162,0.06,0.09166666666666666,0.0,0.0,10.114999999999998
2020,Justin Jefferson,JeffJu00,LSU,22,,MIN,63.0,77.0,Parsed,,,4.0,2.0,False,495.0,7432.0,40.0,6.43,96.52,0.52,True,0.643,0.9652,0.52,0.525,0.8,0.6666666666666666,71.42433333333332
2020,Brandon Aiyuk,AiyuBr00,Arizona St.,25,,SFO,42.0,69.0,Parsed,,,0.0,0.0,False,294.0,4305.0,25.0,4.26,62.39,0.36,True,0.426,0.6239,0.36,0.35,0.0,0.0,39.687
2020,Tee Higgins,HiggTe00,Clemson,33,,CIN,41.0,70.0,Parsed,,,0.0,0.0,False,330.0,4595.0,34.0,4.71,65.64,0.49,True,0.471,0.6564,0.49,0.3416666666666667,0.0,0.0,44.037000000000006
2020,Michael Pittman Jr.,PittMi01,USC,34,,IND,41.0,78.0,Parsed,,,0.0,0.0,False,405.0,4470.0,18.0,5.19,57.31,0.23,True,0.519,0.5731,0.23,0.3416666666666667,0.0,0.0,37.298
2020,Laviska Shenault Jr.,ShenLa00,Colorado,42,,JAX,14.0,63.0,Parsed,,,0.0,0.0,False,163.0,1587.0,6.0,2.59,25.19,0.1,False,0.259,0.2519,0.1,0.11666666666666667,0.0,0.0,16.487
2020,KJ Hamler,HamlKJ00,Penn St.,46,,DEN,5.0,23.0,Parsed,,,0.0,0.0,False,42.0,620.0,3.0,1.83,26.96,0.13,False,0.183,0.2696,0.13,0.041666666666666664,0.0,0.0,14.973
2020,Chase Claypool,ClayCh01,Notre Dame,49,,PIT,20.0,58.0,Parsed,,,0.0,0.0,False,175.0,2261.0,13.0,3.02,38.98,0.22,False,0.302,0.3898,0.22,0.16666666666666666,0.0,0.0,24.634
2020,Van Jefferson,JeffVa00,Florida,57,,LAR,18.0,78.0,Parsed,,,0.0,0.0,False,137.0,1876.0,12.0,1.76,24.05,0.15,False,0.176,0.24050000000000002,0.15,0.15,0.0,0.0,15.985
2020,Denzel Mims,MimsDe00,Baylor,59,,NYJ,5.0,30.0,Parsed,,,0.0,0.0,False,42.0,676.0,0.0,1.4,22.53,0.0,False,0.13999999999999999,0.2253,0.0,0.041666666666666664,0.0,0.0,10.184
2020,Lynn Bowden Jr.,BowdLy00,Kentucky,80,,LVR,3.0,26.0,Parsed,,,0.0,0.0,False,39.0,294.0,0.0,1.5,11.31,0.0,False,0.15,0.1131,0.0,0.025,0.0,0.0,6.768000000000001
2020,Bryan Edwards,EdwaBr01,South Carolina,81,,LVR,6.0,35.0,Parsed,,,0.0,0.0,False,48.0,779.0,4.0,1.37,22.26,0.11,False,0.137,0.22260000000000002,0.11,0.05,0.0,0.0,12.368000000000002
2020,Devin Duvernay,DuveDe00,Texas,92,,BAL,13.0,72.0,Parsed,,,2.0,1.0,False,105.0,977.0,5.0,1.46,13.57,0.07,True,0.146,0.13570000000000002,0.07,0.10833333333333334,0.4,0.3333333333333333,15.682666666666666
2020,Gabriel Davis,DaviGa01,Central Florida,128,,BUF,29.0,74.0,Parsed,,,0.0,0.0,False,183.0,2969.0,29.0,2.47,40.12,0.39,False,0.24700000000000003,0.4012,0.39,0.24166666666666667,0.0,0.0,28.401
2020,Antonio Gandy-Golden,GandAn00,Liberty,142,,WAS,0.0,10.0,Parsed,,,0.0,0.0,False,1.0,3.0,0.0,0.1,0.3,0.0,False,0.01,0.003,0.0,0.0,0.0,0.0,0.29
2020,Joe Reed,ReedJo03,Virginia,151,,LAC,,,Parsed,,,0.0,0.0,False,,,,,,,,0.0,0.0,0.0,0.0,0.0,0.0,0.0
2020,Tyler Johnson,JohnTy00,Minnesota,161,,TAM,8.0,49.0,Parsed,,,0.0,0.0,False,76.0,828.0,4.0,1.55,16.9,0.08,False,0.155,0.16899999999999998,0.08,0.06666666666666667,0.0,0.0,10.77
2020,Collin Johnson,JohnCo01,Texas,165,,JAX,3.0,38.0,Parsed,,,0.0,0.0,False,31.0,394.0,2.0,0.82,10.37,0.05,False,0.08199999999999999,0.10369999999999999,0.05,0.025,0.0,0.0,6.1259999999999994
2020,Quintez Cephus,CephQu00,Wisconsin,166,,DET,5.0,22.0,Parsed,,,0.0,0.0,False,37.0,568.0,4.0,1.68,25.82,0.18,False,0.16799999999999998,0.2582,0.18,0.041666666666666664,0.0,0.0,15.331
2020,John Hightower,HighJo00,Boise St.,168,,PHI,1.0,14.0,Parsed,,,0.0,0.0,False,10.0,167.0,0.0,0.71,11.93,0.0,False,0.071,0.1193,0.0,0.008333333333333333,0.0,0.0,5.124
2020,Isaiah Coulter,CoulIs00,Rhode Island,171,,HOU,0.0,4.0,Parsed,,,0.0,0.0,False,0.0,0.0,0.0,0.0,0.0,0.0,False,0.0,0.0,0.0,0.0,0.0,0.0,0.0
2020,Darnell Mooney,MoonDa00,Tulane,173,,CHI,33.0,76.0,Parsed,,,0.0,0.0,False,277.0,3585.0,16.0,3.64,47.17,0.21,False,0.364,0.4717,0.21,0.275,0.0,0.0,29.756
2020,K.J. Osborn,OsboKJ00,Miami (FL),176,,MIN,14.0,67.0,Parsed,,,0.0,0.0,False,165.0,1902.0,16.0,2.46,28.39,0.24,False,0.246,0.2839,0.24,0.11666666666666667,0.0,0.0,19.986999999999995
2020,Donovan Peoples-Jones,PeopDo00,Michigan,187,,CLE,19.0,58.0,Parsed,,,0.0,0.0,False,122.0,1895.0,8.0,2.1,32.67,0.14,False,0.21000000000000002,0.3267,0.14,0.15833333333333333,0.0,0.0,19.176000000000002
2020,Quez Watkins,WatkQu00,Southern Miss,200,,PHI,13.0,49.0,Parsed,,,0.0,0.0,False,98.0,1249.0,6.0,2.0,25.49,0.12,False,0.2,0.25489999999999996,0.12,0.10833333333333334,0.0,0.0,15.671999999999997
2020,James Proche,ProcJa00,SMU,201,,BAL,3.0,62.0,Parsed,,,0.0,0.0,False,28.0,299.0,0.0,0.45,4.82,0.0,False,0.045,0.0482,0.0,0.025,0.0,0.0,2.7209999999999996
2020,Isaiah Hodgins,HodgIs00,Oregon St.,207,,BUF,5.0,31.0,Parsed,,,0.0,0.0,False,60.0,634.0,7.0,1.94,20.45,0.23,False,0.194,0.2045,0.23,0.041666666666666664,0.0,0.0,15.24
2020,Dezmon Patmon,PatmDe00,Washington St.,212,,IND,0.0,10.0,Parsed,,,0.0,0.0,False,4.0,45.0,1.0,0.4,4.5,0.1,False,0.04,0.045,0.1,0.0,0.0,0.0,4.15
2020,Freddie Swain,SwaiFr00,Florida,214,,SEA,5.0,37.0,Parsed,,,0.0,0.0,False,42.0,576.0,6.0,1.14,15.57,0.16,False,0.11399999999999999,0.1557,0.16,0.041666666666666664,0.0,0.0,10.776000000000002
2020,Jauan Jennings,JennJa00,Tennessee,217,,SFO,17.0,60.0,Parsed,,,0.0,0.0,False,155.0,1938.0,13.0,2.58,32.3,0.22,False,0.258,0.32299999999999995,0.22,0.14166666666666666,0.0,0.0,21.375
2020,K.J. Hill,HillKJ00,Ohio St.,220,,LAC,1.0,21.0,Parsed,,,0.0,0.0,False,10.0,103.0,0.0,0.48,4.9,0.0,False,0.048,0.049,0.0,0.008333333333333333,0.0,0.0,2.555
2020,Tyrie Cleveland,ClevTy00,Florida,252,,DEN,0.0,23.0,Parsed,,,0.0,0.0,False,8.0,91.0,0.0,0.35,3.96,0.0,False,0.034999999999999996,0.039599999999999996,0.0,0.0,0.0,0.0,1.8879999999999997
2021,Ja'Marr Chase,ChasJa00,LSU,5,,CIN,51.0,62.0,Parsed,,,4.0,1.0,False,395.0,5425.0,46.0,6.37,87.5,0.74,True,0.637,0.875,0.74,0.425,0.8,0.3333333333333333,69.83166666666668
2021,Jaylen Waddle,WaddJa00,Alabama,6,,MIA,36.0,62.0,Parsed,,,0.0,0.0,False,309.0,4129.0,20.0,4.98,66.6,0.32,True,0.49800000000000005,0.6659999999999999,0.32,0.3,0.0,0.0,40.839999999999996
2021,DeVonta Smith,SmitDe07,Alabama,10,,PHI,43.0,63.0,Parsed,,,0.0,0.0,False,308.0,4011.0,27.0,4.89,63.67,0.43,True,0.489,0.6367,0.43,0.35833333333333334,0.0,0.0,42.85600000000001
2021,Kadarius Toney,ToneKa00,Florida,20,,NYG,7.0,35.0,Parsed,,,0.0,0.0,False,82.0,760.0,3.0,2.34,21.71,0.09,False,0.23399999999999999,0.21710000000000002,0.09,0.058333333333333334,0.0,0.0,13.868
2021,Rashod Bateman,BateRa00,Minnesota,27,,BAL,19.0,51.0,Parsed,,,0.0,0.0,False,138.0,1923.0,13.0,2.71,37.71,0.25,False,0.271,0.3771,0.25,0.15833333333333333,0.0,0.0,24.108
2021,Elijah Moore,MoorEl00,Mississippi,34,,NYJ,15.0,61.0,Parsed,,,0.0,0.0,False,200.0,2162.0,9.0,3.28,35.44,0.15,False,0.32799999999999996,0.3544,0.15,0.125,0.0,0.0,22.066999999999997
2021,Rondale Moore,MoorRo02,Purdue,49,,ARI,13.0,39.0,Parsed,,,0.0,0.0,False,135.0,1201.0,3.0,3.46,30.79,0.08,False,0.346,0.3079,0.08,0.10833333333333334,0.0,0.0,19.381999999999998
2021,D'Wayne Eskridge,EskrDW00,Western Michigan,56,,SEA,2.0,30.0,Parsed,,,0.0,0.0,False,20.0,166.0,1.0,0.67,5.53,0.03,False,0.067,0.0553,0.03,0.016666666666666666,0.0,0.0,3.849
2021,Tutu Atwell,AtweTu00,Louisville,57,,LAR,13.0,54.0,Parsed,,,0.0,0.0,False,99.0,1343.0,4.0,1.83,24.87,0.07,False,0.183,0.2487,0.07,0.10833333333333334,0.0,0.0,14.146000000000003
2021,Terrace Marshall Jr.,MarsTe00,LSU,59,,CAR,6.0,43.0,Parsed,,,0.0,0.0,False,67.0,808.0,1.0,1.56,18.79,0.02,False,0.156,0.18789999999999998,0.02,0.05,0.0,0.0,9.907
2021,Josh Palmer,PalmJo00,Tennessee,77,,LAC,20.0,58.0,Parsed,,,0.0,0.0,False,182.0,2287.0,10.0,3.14,39.43,0.17,False,0.314,0.3943,0.17,0.16666666666666666,0.0,0.0,24.009
2021,Dyami Brown,BrowDy00,North Carolina,82,,WAS,6.0,63.0,Parsed,,,0.0,0.0,False,59.0,784.0,4.0,0.94,12.44,0.06,False,0.094,0.1244,0.06,0.05,0.0,0.0,7.561999999999999
2021,Amari Rodgers,RodgAm00,Clemson,85,,GNB,2.0,35.0,Parsed,,,0.0,0.0,False,20.0,249.0,1.0,0.57,7.11,0.03,False,0.056999999999999995,0.0711,0.03,0.016666666666666666,0.0,0.0,4.122999999999999
2021,Nico Collins,CollNi00,Michigan,89,,HOU,26.0,51.0,Parsed,,,1.0,0.0,False,218.0,3230.0,18.0,4.27,63.33,0.35,True,0.42699999999999994,0.6333,0.35,0.21666666666666667,0.2,0.0,39.788999999999994
2021,Anthony Schwartz,SchwAn00,Auburn,91,,CLE,2.0,25.0,Parsed,,,0.0,0.0,False,14.0,186.0,1.0,0.56,7.44,0.04,False,0.05600000000000001,0.07440000000000001,0.04,0.016666666666666666,0.0,0.0,4.402000000000001
2021,Dez Fitzpatrick,FitzDe00,Louisville,109,,TEN,0.0,7.0,Parsed,,,0.0,0.0,False,5.0,49.0,1.0,0.71,7.0,0.14,False,0.071,0.07,0.14,0.0,0.0,0.0,6.32
2021,Amon-Ra St. Brown,StxxAm00,USC,112,,DET,50.0,66.0,Parsed,,,3.0,2.0,False,430.0,4851.0,33.0,6.52,73.5,0.5,True,0.6519999999999999,0.735,0.5,0.4166666666666667,0.6,0.6666666666666666,60.673333333333325
2021,Jaelon Darden,DardJa00,North Texas,129,,TAM,,35.0,Parsed,,,0.0,0.0,False,9.0,75.0,0.0,0.26,2.14,0.0,False,0.026000000000000002,0.021400000000000002,0.0,0.0,0.0,0.0,1.1620000000000001
2021,Tylan Wallace,WallTy00,Oklahoma St.,131,,BAL,3.0,54.0,Parsed,,,0.0,0.0,False,18.0,260.0,1.0,0.33,4.81,0.02,False,0.033,0.0481,0.02,0.025,0.0,0.0,2.878
2021,Jacob Harris,HarrJa03,Central Florida,141,,LAR,0.0,18.0,Parsed,,,0.0,0.0,False,1.0,6.0,0.0,0.06,0.33,0.0,False,0.006,0.0033,0.0,0.0,0.0,0.0,0.219
2021,Ihmir Smith-Marsette,SmitIh00,Iowa,157,,MIN,,33.0,Parsed,,,0.0,0.0,False,14.0,182.0,2.0,0.42,5.52,0.06,False,0.041999999999999996,0.0552,0.06,0.0,0.0,0.0,3.6959999999999993
2021,Simi Fehoko,FehoSi00,Stanford,179,,DAL,1.0,24.0,Parsed,,,0.0,0.0,False,10.0,139.0,1.0,0.42,5.79,0.04,False,0.041999999999999996,0.0579,0.04,0.008333333333333333,0.0,0.0,3.5020000000000002
2021,Cornell Powell,PoweCo00,Clemson,181,,KAN,,,Parsed,,,0.0,0.0,False,,,,,,,,0.0,0.0,0.0,0.0,0.0,0.0,0.0
2021,Frank Darby,DarbFr00,Arizona St.,187,,ATL,0.0,16.0,Parsed,,,0.0,0.0,False,2.0,29.0,0.0,0.12,1.81,0.0,False,0.012,0.0181,0.0,0.0,0.0,0.0,0.783
2021,Marquez Stevenson,StevMa00,Houston,203,,BUF,,,Parsed,,,0.0,0.0,False,,,,,,,,0.0,0.0,0.0,0.0,0.0,0.0,0.0
2021,Shi Smith,SmitSh03,South Carolina,204,,CAR,4.0,23.0,Parsed,,,0.0,0.0,False,28.0,400.0,2.0,1.22,17.39,0.09,False,0.122,0.1739,0.09,0.03333333333333333,0.0,0.0,9.957
2021,Racey McMath,McMaRa00,LSU,205,,TEN,0.0,14.0,Parsed,,,0.0,0.0,False,4.0,48.0,0.0,0.29,3.43,0.0,False,0.028999999999999998,0.034300000000000004,0.0,0.0,0.0,0.0,1.609
2021,Jalen Camp,CampJa03,Georgia Tech,209,,JAX,0.0,5.0,Parsed,,,0.0,0.0,False,1.0,7.0,0.0,0.2,1.4,0.0,False,0.02,0.013999999999999999,0.0,0.0,0.0,0.0,0.8199999999999998
2021,Seth Williams,WillSe00,Auburn,219,,DEN,0.0,2.0,Parsed,,,0.0,0.0,False,1.0,34.0,0.0,0.5,17.0,0.0,False,0.05,0.17,0.0,0.0,0.0,0.0,6.1000000000000005
2021,Dazz Newsome,NewsDa00,North Carolina,221,,CHI,0.0,3.0,Parsed,,,0.0,0.0,False,2.0,23.0,0.0,0.67,7.67,0.0,False,0.067,0.0767,0.0,0.0,0.0,0.0,3.641
2021,Mike Strachan,StraMi03,Charleston (WV),229,,IND,0.0,23.0,Parsed,,,0.0,0.0,False,6.0,130.0,0.0,0.26,5.65,0.0,False,0.026000000000000002,0.0565,0.0,0.0,0.0,0.0,2.215
2021,Tre Nixon,NixoTr01,Central Florida,242,,NWE,,,Parsed,,,0.0,0.0,False,,,,,,,,0.0,0.0,0.0,0.0,0.0,0.0,0.0
2021,Ben Skowronek,SkowBe00,Notre Dame,249,,LAR,7.0,55.0,Parsed,,,0.0,0.0,False,63.0,644.0,1.0,1.15,11.71,0.02,False,0.11499999999999999,0.11710000000000001,0.02,0.058333333333333334,0.0,0.0,7.088
2021,Kawaan Baker,BakeKa00,South Alabama,255,,NOR,,,Parsed,,,0.0,0.0,False,,,,,,,,0.0,0.0,0.0,0.0,0.0,0.0,0.0
2021,Dax Milne,MilnDa00,BYU,258,,WAS,1.0,28.0,Parsed,,,0.0,0.0,False,15.0,120.0,1.0,0.54,4.29,0.04,False,0.054000000000000006,0.0429,0.04,0.008333333333333333,0.0,0.0,3.2920000000000007
2022,Drake London,LondDr00,USC,8,,ATL,26.0,50.0,Parsed,,,0.0,0.0,False,241.0,3042.0,15.0,4.82,60.84,0.3,True,0.48200000000000004,0.6084,0.3,0.21666666666666667,0.0,0.0,37.14200000000001
2022,Garrett Wilson,WilsGa00,Ohio St.,10,,NYJ,25.0,51.0,Parsed,,,0.0,0.0,False,279.0,3249.0,14.0,5.47,63.71,0.27,True,0.5469999999999999,0.6371,0.27,0.20833333333333334,0.0,0.0,38.577999999999996
2022,Chris Olave,OlavCh00,Ohio St.,11,,NOR,21.0,39.0,Parsed,,,0.0,0.0,False,191.0,2565.0,10.0,4.9,65.77,0.26,True,0.49000000000000005,0.6577,0.26,0.175,0.0,0.0,37.356
2022,Jameson Williams,WillJa11,Alabama,12,,DET,16.0,33.0,Parsed,,,0.0,0.0,False,83.0,1396.0,10.0,2.52,42.3,0.3,False,0.252,0.423,0.3,0.13333333333333333,0.0,0.0,25.729999999999997
2022,Jahan Dotson,DotsJa00,Penn St.,16,,WAS,11.0,46.0,Parsed,,,0.0,0.0,False,103.0,1257.0,11.0,2.24,27.33,0.24,False,0.22400000000000003,0.2733,0.24,0.09166666666666666,0.0,0.0,18.854
2022,Treylon Burks,BurkTr00,Arkansas,18,,TEN,6.0,27.0,Parsed,,,0.0,0.0,False,53.0,699.0,1.0,1.96,25.89,0.04,False,0.196,0.2589,0.04,0.05,0.0,0.0,13.237000000000002
2022,Christian Watson,WatsCh00,North Dakota St.,34,,GNB,17.0,38.0,Parsed,,,0.0,0.0,False,98.0,1653.0,14.0,2.58,43.5,0.37,False,0.258,0.435,0.37,0.14166666666666666,0.0,0.0,27.735
2022,Wan'Dale Robinson,RobiWa01,Kentucky,43,,NYG,11.0,38.0,Parsed,,,0.0,0.0,False,176.0,1451.0,5.0,4.63,38.18,0.13,False,0.46299999999999997,0.3818,0.13,0.09166666666666666,0.0,0.0,24.689
2022,John Metchie,MetcJo00,Alabama,44,,HOU,3.0,29.0,Parsed,,,0.0,0.0,False,40.0,412.0,1.0,1.38,14.21,0.03,False,0.13799999999999998,0.1421,0.03,0.025,0.0,0.0,7.998000000000001
2022,Tyquan Thornton,ThorTy00,Baylor,50,,NWE,3.0,28.0,Parsed,,,0.0,0.0,False,39.0,385.0,2.0,1.39,13.75,0.07,False,0.13899999999999998,0.1375,0.07,0.025,0.0,0.0,8.68
2022,George Pickens,PickGe00,Georgia,52,,PIT,25.0,48.0,Parsed,,,0.0,0.0,False,174.0,2841.0,12.0,3.62,59.19,0.25,False,0.362,0.5919,0.25,0.20833333333333334,0.0,0.0,33.12199999999999
2022,Alec Pierce,PierAl00,Cincinnati,53,,IND,16.0,49.0,Parsed,,,0.0,0.0,False,110.0,1931.0,11.0,2.24,39.41,0.22,False,0.22400000000000003,0.39409999999999995,0.22,0.13333333333333333,0.0,0.0,22.703
2022,Skyy Moore,MoorSk01,Western Michigan,54,,KAN,4.0,36.0,Parsed,,,0.0,0.0,False,43.0,494.0,1.0,1.19,13.72,0.03,False,0.119,0.13720000000000002,0.03,0.03333333333333333,0.0,0.0,7.596000000000001
2022,Velus Jones Jr.,JoneVe00,Tennessee,71,,CHI,,,Parsed,,,0.0,0.0,False,,,,,,,,0.0,0.0,0.0,0.0,0.0,0.0,0.0
2022,Jalen Tolbert,TolbJa00,South Alabama,88,,DAL,7.0,42.0,Parsed,,,0.0,0.0,False,73.0,890.0,9.0,1.74,21.19,0.21,False,0.174,0.2119,0.21,0.058333333333333334,0.0,0.0,14.912
2022,David Bell,BellDa02,Purdue,99,,CLE,3.0,32.0,Parsed,,,0.0,0.0,False,41.0,408.0,3.0,1.28,12.75,0.09,False,0.128,0.1275,0.09,0.025,0.0,0.0,8.56
2022,Danny Gray,GrayDa02,SMU,105,,SFO,,,Parsed,,,0.0,0.0,False,,,,,,,,0.0,0.0,0.0,0.0,0.0,0.0,0.0
2022,Erik Ezukanma,EzukEr00,Texas Tech,125,,MIA,,,Parsed,,,0.0,0.0,False,,,,,,,,0.0,0.0,0.0,0.0,0.0,0.0,0.0
2022,Romeo Doubs,DoubRo00,Nevada,132,,GNB,17.0,43.0,Parsed,,,0.0,0.0,False,147.0,1700.0,15.0,3.42,39.53,0.35,False,0.34199999999999997,0.3953,0.35,0.14166666666666666,0.0,0.0,27.823999999999998
2022,Calvin Austin III,AustCa00,Memphis,138,,PIT,8.0,34.0,Parsed,,,0.0,0.0,False,53.0,728.0,5.0,1.56,21.41,0.15,False,0.156,0.2141,0.15,0.06666666666666667,0.0,0.0,13.543
2022,Khalil Shakir,ShakKh00,Boise St.,148,,BUF,18.0,46.0,Parsed,,,0.0,0.0,False,125.0,1593.0,7.0,2.72,34.63,0.15,False,0.272,0.34630000000000005,0.15,0.15,0.0,0.0,21.079
2022,Montrell Washington,WashMo00,Samford,162,,DEN,,,Parsed,,,0.0,0.0,False,,,,,,,,0.0,0.0,0.0,0.0,0.0,0.0,0.0
2022,Kyle Philips,PhilKy01,UCLA,163,,TEN,3.0,13.0,Parsed,,,0.0,0.0,False,23.0,259.0,0.0,1.77,19.92,0.0,False,0.177,0.19920000000000002,0.0,0.025,0.0,0.0,9.891
2022,Jalen Nailor,NailJa00,Michigan St.,191,,MIN,5.0,38.0,Parsed,,,0.0,0.0,False,40.0,622.0,7.0,1.05,16.37,0.18,False,0.10500000000000001,0.1637,0.18,0.041666666666666664,0.0,0.0,11.236
2022,Michael Woods II,WoodMi00,Oklahoma,202,,CLE,0.0,15.0,Parsed,,,0.0,0.0,False,12.0,110.0,0.0,0.8,7.33,0.0,False,0.08,0.0733,0.0,0.0,0.0,0.0,3.7989999999999995
2022,Bo Melton,MeltBo00,Rutgers,229,,SEA,3.0,22.0,Parsed,,,0.0,0.0,False,24.0,309.0,1.0,1.09,14.05,0.05,False,0.10900000000000001,0.1405,0.05,0.025,0.0,0.0,7.770000000000002
2022,Dareke Young,YounDa02,Lenoir-Rhyne,233,,SEA,0.0,33.0,Parsed,,,0.0,0.0,False,2.0,24.0,0.0,0.06,0.73,0.0,False,0.006,0.0073,0.0,0.0,0.0,0.0,0.339
2022,Samori Toure,TourSa00,Nebraska,258,,GNB,2.0,22.0,Parsed,,,0.0,0.0,False,13.0,160.0,1.0,0.59,7.27,0.05,False,0.059,0.0727,0.05,0.016666666666666666,0.0,0.0,4.611000000000001
